Category,Account NO,Customer Name,Group,Post Code,Region,Sales Person
Regional Retailer,1100595, McConechy's Tyre Service Limited ,Other,ML5 3RD,Scotland,jon.brett@kumhotire.com
Regional Retailer,1099612, Redpath Tyres Ltd (PCR) ,Regional,TD11 3HS,Scotland,jon.brett@kumhotire.com
Regional Retailer,1083315, Tyrespot Limited ,Regional,DH3 2AF,North East,jon.brett@kumhotire.com
Independent Retailer,1084432, Preston Tyre Specialists  ,KPP,PR2 2QS,North West,jon.brett@kumhotire.com
Independent Retailer,1084701, Preston Tyre Specialists (PCR) ,KPP,PR2 2QS,North West,jon.brett@kumhotire.com
Independent Retailer,1084860, Huw Lewis Tyres ,KPP,SY23 3JQ,Wales,jon.brett@kumhotire.com
Independent Retailer,1086974, Angus Tyres Limited ,KPP,DD11 1AL,Scotland,jon.brett@kumhotire.com
Independent Retailer,1087436, Border Tyres Ltd  ,KPP,TD15 1TB,Scotland,jon.brett@kumhotire.com
Independent Retailer,1087501, Lou's Tyres Limited ,KPP,DN16 1AR,Yorkshire & Humberside,jon.brett@kumhotire.com
Independent Retailer,1087946, North Lincs Tyres Limited ,KPP,DN31 3LS,Yorkshire & Humberside,jon.brett@kumhotire.com
Independent Retailer,1091098, Colin's Tyres & MOT Service Centre ,KPP,AB21 7DT,Scotland,jon.brett@kumhotire.com
Independent Retailer,1107838, Oatlands Tyre & Motor Company Ltd ,KPP,HG2 8DQ,Yorkshire & Humberside,jon.brett@kumhotire.com
Independent Retailer,1108796, Combined Tyres ,KPP,CW7 3QN,North West,jon.brett@kumhotire.com
Independent Retailer,1109011, Express Tyre Service ,KPP,DG11 2HS,Scotland,jon.brett@kumhotire.com
Independent Retailer,1115701, Pit-Lane (Ellon) Ltd ,KPP,AB41 9RF,Scotland,jon.brett@kumhotire.com
Independent Retailer,1115724, Tyremann (Scotland) Limited ,KPP,AB30 1DG,Scotland,jon.brett@kumhotire.com
Independent Retailer,1115725, Ostles (Scotland) Limited ,KPP,TD1 2BP,Scotland,jon.brett@kumhotire.com
Independent Retailer,1115726, Craig Motors Limited ,KPP,TD9 8AL,Scotland,jon.brett@kumhotire.com
Independent Retailer,1115745, Hectyre ,KPP,DD4 7DF,Scotland,jon.brett@kumhotire.com
Independent Retailer,1115751, Crewe Tyre & Exhaust Limited ,KPP,CW1 3ER,North West,jon.brett@kumhotire.com
Independent Retailer,1115786, Cottage Street Garage Limited ,KPP,SK11 8DZ,North West,jon.brett@kumhotire.com
Independent Retailer,1115827, Auchinlea Tyres Limited ,KPP,ML1 5RX,Scotland,jon.brett@kumhotire.com
Independent Retailer,1115828, Abbotsinch Tyres & Exhausts Ltd ,KPP,KA1 4AT,Scotland,jon.brett@kumhotire.com
Independent Retailer,1115876, Target Auto Parts Limited ,KPP,GY1 2RF,Channel Islands,jon.brett@kumhotire.com
Independent Retailer,1115877, Inverness Tyre Services Limited ,KPP,IV3 8EX,Scotland,jon.brett@kumhotire.com
Independent Retailer,1115878, Tyre & Autocare Services ,KPP,AB55 5EZ,Scotland,jon.brett@kumhotire.com
Independent Retailer,1115880, BS Tyre & Auto ,KPP,IV30 6NB,Scotland,jon.brett@kumhotire.com
Independent Retailer,1115881, Maghull Tyre & Exhaust Limited ,KPP,L31 2HA,North West,jon.brett@kumhotire.com
Independent Retailer,1115882, Pennine Service Station Limited ,KPP,BB2 7HZ,North West,jon.brett@kumhotire.com
Independent Retailer,1115883, A1 Tyres (Scotland) Limited ,KPP,G74 4HQ,Scotland,jon.brett@kumhotire.com
Independent Retailer,1115884, Empress Tyres ,KPP,BB5 1DD,North West,jon.brett@kumhotire.com
Independent Retailer,1115885, Best Fit Tyres (Glasgow) Ltd ,KPP,G5 9SW,Scotland,jon.brett@kumhotire.com
Independent Retailer,1115908, Jacks Tyres Limited ,KPP,SY21 7AZ,Wales,jon.brett@kumhotire.com
Independent Retailer,1115917, Goodfellow Tyres ,KPP,CA13 9RU,North West,jon.brett@kumhotire.com
Independent Retailer,1115919, J G Tyre Services Ltd  ,KPP,DL14 9AW,North East,jon.brett@kumhotire.com
Independent Retailer,1115942, Sandmill MOT Centre Limited ,KPP,DG9 7DE,Scotland,jon.brett@kumhotire.com
Independent Retailer,1115986, A & M Tyre Specialists ,KPP,WN5 9JY,North West,jon.brett@kumhotire.com
Independent Retailer,1115990, Stornoway Spares Service ,KPP,HS1 2QT,Scotland,jon.brett@kumhotire.com
Independent Retailer,1115993, 590 Tyres Limited ,KPP,LA14 3YG,North West,jon.brett@kumhotire.com
Independent Retailer,1116016, Rossendale Exhaust Centre Limited ,KPP,BB4 7JJ,North West,jon.brett@kumhotire.com
Independent Retailer,1116048, Paul Jarrold Tyres Ltd ,KPP,PR3 3AD,North West,jon.brett@kumhotire.com
Independent Retailer,1116049, Bellis Bros. (Tyres) Limited ,KPP,M35 0JH,North West,jon.brett@kumhotire.com
Independent Retailer,1116246, Budget Tyres ,KPP,LA9 6BT,North West,jon.brett@kumhotire.com
Independent Retailer,1116336, Sandbach Tyre Services Limited ,KPP,CW11 3HP,North West,jon.brett@kumhotire.com
Independent Retailer,1116385, Mitchell North West Limited ,KPP,CH2 4RG,North West,jon.brett@kumhotire.com
Independent Retailer,1116552, Jim Dickson's Tyres ,KPP,G67 2SB,Scotland,jon.brett@kumhotire.com
Independent Retailer,1116553, JB Tyre Services Scotland Ltd ,KPP,G33 6LT,Scotland,jon.brett@kumhotire.com
Independent Retailer,1116673, J K Tyres & Autocentre Limited ,KPP,FK3 8NJ,Scotland,jon.brett@kumhotire.com
Independent Retailer,1117082, M P Foulkes ,KPP,SY16 3DB,Wales,jon.brett@kumhotire.com
Independent Retailer,1083208, The Frodsham Tyre Company Ltd ,KPP,WA6 7FZ,North West,jon.brett@kumhotire.com
Independent Retailer,1083210, Steve's (Tyred 'N' Exhausted) Ltd ,KPP,PR9 0TL,North West,jon.brett@kumhotire.com
Independent Retailer,1083235, Motek NW LTD T/A ProFit Tyres (Car) ,KPP,OL8 1SX,North West,jon.brett@kumhotire.com
Independent Retailer,1083236, Andys Tyre Services Ltd (PCR) ,KPP,LL19 7HA,Wales,jon.brett@kumhotire.com
Independent Retailer,1083823, Tyrewise Service & Repair Centre ,KPP,CW9 7XP,North West,jon.brett@kumhotire.com
Independent Retailer,1083887, Grande Tyres Limited ,KPP,NE16 3DA,North East,jon.brett@kumhotire.com
Independent Retailer,1085200, HQ Auto & Leisure Centre ,KPP,CA11 7NZ,North West,jon.brett@kumhotire.com
Independent Retailer,1086836, Darwen Tyres & Exhaust Services ,KPP,BB3 0JB,North West,jon.brett@kumhotire.com
Independent Retailer,1088608, Soltyre Limited ,KPP,ML6 9SE,Scotland,jon.brett@kumhotire.com
Independent Retailer,1090589, Cumbria Tyre Specialists Ltd (CHQ) ,KPP,CA1 3UD,North West,jon.brett@kumhotire.com
Independent Retailer,1097310, Motorcare (Powys) Limited ,KPP,SY10 0AA,Wales,jon.brett@kumhotire.com
Independent Retailer,1105069, Tyrecare (St. Helens) Limited ,KPP,WA10 2QF,North West,jon.brett@kumhotire.com
Independent Retailer,1108174, MAC Tyres Limited ,KPP,AB42 1UL,Scotland,jon.brett@kumhotire.com
Independent Retailer,1083241, Crescent Garage ,Other,CW5 5ND,North West,jon.brett@kumhotire.com
Independent Retailer,1099227, Discount Tyre Services ,Other,DN8 4EA,Yorkshire & Humberside,jon.brett@kumhotire.com
Independent Retailer,1084999, B & K Williams Ltd ,Other,LL55 2HP,Wales,jon.brett@kumhotire.com
Independent Retailer,1085286, Minera Tyres & Exhaust Limited ,Other,LL11 3RD,Wales,jon.brett@kumhotire.com
Independent Retailer,1086858, Newtown Tyres (Powys) Ltd ,Other,SY16 4LE,Wales,jon.brett@kumhotire.com
Independent Retailer,1088607, Troon Tyre & Exhaust Centre ,Other,KA10 6QR,Scotland,jon.brett@kumhotire.com
Independent Retailer,1095658, Maldwyn Williams Limited ,Other,LL16 5TH,Wales,jon.brett@kumhotire.com
Independent Retailer,1096834, Stakeford Tyres Limited ,Other,NE62 5UF,North East,jon.brett@kumhotire.com
Independent Retailer,1098198, Brookside Garage ,Other,CA7 9AW,North West,jon.brett@kumhotire.com
Independent Retailer,1101024, Richard Wellock & Sons Ltd ,Other,BB9 6SH,North West,jon.brett@kumhotire.com
Independent Retailer,1109028, D.A. Roberts Garage Ltd ,Other,SY13 4QJ,Wales,jon.brett@kumhotire.com
Independent Retailer,1116925, Clark's Maintenance Eng (Nairn) Ltd ,Other,IV12 4SG,Scotland,jon.brett@kumhotire.com
Independent Retailer,1119057, WHEELQUICK (2007) LIMITED ,Other,WN5 8DJ,Yorkshire & Humberside,jon.brett@kumhotire.com
Independent Retailer,1121889, Tyre Shop Online Ltd ,Other,L22 6QA,London,jon.brett@kumhotire.com
Independent Retailer,1122122, Kenmare Tyre Services Limited ,Other,CA26 3QY,North West,jon.brett@kumhotire.com
Independent Retailer,1116048, Paul Jarrold Tyres Ltd ,KPP,PR3 3AD,North West,jon.brett@kumhotire.com
Regional Retailer,1083261, S & M Tyres Ltd T/A Elite Garages ,Regional,RH13 6HY,South East,simon.carey@kumhotire.com
Regional Retailer,1123940, Merityre Specialists Ltd ,Regional,SP10 5JG,South West,simon.carey@kumhotire.com
Independent Retailer,1087480, Horndean Tyres Ltd  ,KPP,PO8 9JX,South East,simon.carey@kumhotire.com
Independent Retailer,1088142, Horndean Tyres (SE) Ltd  ,KPP,RH15 9TJ,South East,simon.carey@kumhotire.com
Independent Retailer,1088400, Tadley Tyre Services Ltd ,KPP,RG26 3PX,South East,simon.carey@kumhotire.com
Independent Retailer,1106867, Nicks Tyre Services Limited ,KPP,CM15 9SB,East ,simon.carey@kumhotire.com
Independent Retailer,1110250, Horley Tyre & Exhaust Limited ,KPP,RH6 7BB,South East,simon.carey@kumhotire.com
Independent Retailer,1115695, New Milton Tyre Company Ltd ,KPP,BH25 6DP,South West,simon.carey@kumhotire.com
Independent Retailer,1115792, Bower Lane Tyres Limited ,KPP,ME16 8EJ,South East,simon.carey@kumhotire.com
Independent Retailer,1115829, Eames Motor Repairs Limited ,KPP,PO19 7JU,South East,simon.carey@kumhotire.com
Independent Retailer,1115886, Holbury Service Station Ltd  ,KPP,SO45 2NZ,South East,simon.carey@kumhotire.com
Independent Retailer,1115943, Cawteco Limited  ,KPP,PO12 3ED,South East,simon.carey@kumhotire.com
Independent Retailer,1115966, Merrow Tyre & Alignment Centre Ltd ,KPP,GU9 7UP,South East,simon.carey@kumhotire.com
Independent Retailer,1116017, Invicta Tyres ,KPP,CT1 3RF,South East,simon.carey@kumhotire.com
Independent Retailer,1116020, Staplehurst Tyres Limited ,KPP,TN12 0RX,South East,simon.carey@kumhotire.com
Independent Retailer,1116204, Ash Tyre Services ,KPP,TN15 7HJ,South East,simon.carey@kumhotire.com
Independent Retailer,1116242, Christchurch Tyres Limited ,KPP,BH23 3RU,South West,simon.carey@kumhotire.com
Independent Retailer,1116335, Cowley Road Tyre & Exhaust ,KPP,UB8 2NH,London,simon.carey@kumhotire.com
Independent Retailer,1116370, Littlehampton Tyre & Exh Cntrs Ltd ,KPP,BN17 6BS,South East,simon.carey@kumhotire.com
Independent Retailer,1116550, Wraysbury Tyre Service Ltd ,KPP,KT16 8LF,London,simon.carey@kumhotire.com
Independent Retailer,1116551, Station Road Tyres ,KPP,GU7 3NF,South East,simon.carey@kumhotire.com
Independent Retailer,1116671, Tyresales & Service(Hedge End) Ltd ,KPP,SO30 2JW,South East,simon.carey@kumhotire.com
Independent Retailer,1116801, K & P Tyres (Ewell) Limited ,KPP,KT19 9XE,London,simon.carey@kumhotire.com
Independent Retailer,1117960, Fox Tyres ,KPP,CT13 0NY,South East,simon.carey@kumhotire.com
Independent Retailer,1117961, Victoria Tyre Centre ,KPP,TN35 5BS,South East,simon.carey@kumhotire.com
Independent Retailer,1118536, We Fit Autocentre ,KPP,GU34 2QG,South East,simon.carey@kumhotire.com
Independent Retailer,1118807, KAP Motor Group ,KPP,CT20 3UJ,South East,simon.carey@kumhotire.com
Independent Retailer,1083871, A2 Tyre Services Ltd ,KPP,ME10 2PG,South East,simon.carey@kumhotire.com
Independent Retailer,1084006, Goodrims ,KPP,DA1 4BZ,London,simon.carey@kumhotire.com
Independent Retailer,1084007, Auto Care (Cheshunt) ,KPP,EN8 0NJ,London,simon.carey@kumhotire.com
Independent Retailer,1084758, Roadwheel Tyre & Exhaust Limited HQ ,KPP,GU51 3QT,South East,simon.carey@kumhotire.com
Independent Retailer,1084855, Brighton Tyres & Exhausts ,KPP,BN2 9QD,South East,simon.carey@kumhotire.com
Independent Retailer,1084920, Edmunds Exhaust & Autocare Ltd ,KPP,RG41 5EJ,South East,simon.carey@kumhotire.com
Independent Retailer,1085237, Fairway Tyre & Auto Srvc(Rikman)Ltd ,KPP,WD3 8BW,South East,simon.carey@kumhotire.com
Independent Retailer,1085564, AllTyres Trading limited (Car) ,KPP,IG8 8HF,London,simon.carey@kumhotire.com
Independent Retailer,1085620, Roadrunner Service Centre (Fin) Ltd ,KPP,N3 1LS,London,simon.carey@kumhotire.com
Independent Retailer,1086081, Station View Garage (Dorking) Ltd ,KPP,RH4 1HF,South East,simon.carey@kumhotire.com
Independent Retailer,1087595, Vales Garage Limited ,KPP,GU30 7JS,South East,simon.carey@kumhotire.com
Independent Retailer,1098153, Tomato Tyres Ltd ,KPP,SL0 9HE,South East,simon.carey@kumhotire.com
Independent Retailer,1084766, Auto Test & Tyres Ltd (HQ) ,Other,SM6 9AP,London,simon.carey@kumhotire.com
Independent Retailer,1085619, Tyres Direct On-Line Ltd ,Other,LU3 3AN,South East,simon.carey@kumhotire.com
Independent Retailer,1085661, Ropers (Farnborough) Ltd ,Other,GU17 9ES,South East,simon.carey@kumhotire.com
Independent Retailer,1086393, Fairway Tyre & Auto Srvs Ltd ,Other,AL10 8BJ,South East,simon.carey@kumhotire.com
Independent Retailer,1093591, Wimbledon Autocare Co. Limited ,Other,KT3 3NE,London,simon.carey@kumhotire.com
Independent Retailer,1097681, Discount Tyre & Battery Cntr (Cash) ,Other,PO21 1XB,South East,simon.carey@kumhotire.com
Independent Retailer,1099925, Tyre Shack Limited ,Other,SO15 0LD,South East,simon.carey@kumhotire.com
Independent Retailer,1116078, Millo Developments Ltd T/A Motech ,Other,SW16 6LJ,London,simon.carey@kumhotire.com
Independent Retailer,1117401, Dynes Tyre Services Ltd T/A DTS ,Other,DA8 3LT,London,simon.carey@kumhotire.com
Independent Retailer,1119278, Tyres 4 Less Limited ,Other,KT8 2RY,London,simon.carey@kumhotire.com
Independent Retailer,1122240, Hotline Tyres Ltd ,Other,HA9 7NG,South East,simon.carey@kumhotire.com
Independent Retailer,1122297, Chiltern Tyre & Exhaust Limited ,Other,LU6 1BD,South East,simon.carey@kumhotire.com
Independent Retailer,1122499, Master Window Tints Ltd ,Other,SE27 9AU,South East,simon.carey@kumhotire.com
Independent Retailer,1124212, Discount Tyre Direct Ltd ,Other,BN11 1HN,South East,simon.carey@kumhotire.com
Independent Retailer,1125438, Barrack Road Tyres Limited ,Other,BH23 2BD,South East,simon.carey@kumhotire.com
Independent Retailer,1126452, Flintstone Tyre Ltd (CASH ONLY) ,Other,SO31 1FQ,South East,simon.carey@kumhotire.com
Independent Retailer,1127337, TRADE TYRES ,Other,GU1 1RU,South East,simon.carey@kumhotire.com
Independent Retailer,1127437, J&R TYRES LTD ,Other,RG7 1QD,South East,simon.carey@kumhotire.com
Independent Retailer,1127726, HIGHVIEW GARAGE LIMITED ,Other,N12 0AJ,London,simon.carey@kumhotire.com
Independent Retailer,1127900, FORDINGBRIDGE TYRE & BATTERY LTD ,Other,SP6 1PA,South West,simon.carey@kumhotire.com
Independent Retailer,1128098, JORDANS AUTOCARE LTD ,Other,RG4 6ST,South East,simon.carey@kumhotire.com
Regional Wholesaler,1083255, Birmingham Motor Tyres Limited ,Regional,B42 1TU,West Midlands,dean.dyoss@kumhotire.com
Regional Retailer,1083258, B.A. Bush & Son Limited ,Regional,LN9 5AQ,Yorkshire & Humberside,dean.dyoss@kumhotire.com
Regional Retailer,1083259, Exhaust Tyres & Batteries Worc Ltd ,Regional,WR3 8SB,West Midlands,dean.dyoss@kumhotire.com
Regional Retailer,1108792, Eden Tyre Sales Limited ,Regional,DE5 3NW,East Midlands,dean.dyoss@kumhotire.com
Regional Retailer,1083260, Tanvic Group Limited HQ ,Regional,NG24 1LS,East Midlands,dean.dyoss@kumhotire.com
Independent Retailer,1083250, G T Tyres & Exhausts ,KPP,S63 0DE,Yorkshire & Humberside,dean.dyoss@kumhotire.com
Independent Retailer,1090011, Hucknall Tyre & Exhaust ,KPP,NG15 6EX,East Midlands,dean.dyoss@kumhotire.com
Independent Retailer,1115703, Steve's Tyres & Wheels Limited ,KPP,SK17 6NE,North West,dean.dyoss@kumhotire.com
Independent Retailer,1115789, Colwall MOT & Tyre Centre Ltd ,KPP,WR13 6RN,West Midlands,dean.dyoss@kumhotire.com
Independent Retailer,1115790, A A Silencers Limited ,KPP,ST10 1LQ,West Midlands,dean.dyoss@kumhotire.com
Independent Retailer,1115791, Pershore Tyre Services Ltd ,KPP,WR10 2DF,West Midlands,dean.dyoss@kumhotire.com
Independent Retailer,1115832, For Tyres Limited ,KPP,ST2 9AB,West Midlands,dean.dyoss@kumhotire.com
Independent Retailer,1115834, Barn Garage Limited ,KPP,NG12 5HN,East Midlands,dean.dyoss@kumhotire.com
Independent Retailer,1115910, Tyreforce Shrewsbury Limited ,KPP,SY1 4NT,West Midlands,dean.dyoss@kumhotire.com
Independent Retailer,1115915, Fawlty Tyres ,KPP,WR2 5EE,West Midlands,dean.dyoss@kumhotire.com
Independent Retailer,1115995, Clinton Garage Limited (inc with 1115996) ,KPP,CV8 1AS,West Midlands,dean.dyoss@kumhotire.com
Independent Retailer,1115996, Spa Motors Limited/Clinton Garage ,KPP,CV31 1XB,West Midlands,dean.dyoss@kumhotire.com
Independent Retailer,1115997, Autopoint MOT Centre Atherstone Ltd ,KPP,CV9 1LQ,West Midlands,dean.dyoss@kumhotire.com
Independent Retailer,1116065, Tamworth Tyres ,KPP,B77 5AL,West Midlands,dean.dyoss@kumhotire.com
Independent Retailer,1116137, Longton Motor Accessories Ltd ,KPP,ST3 2PD,West Midlands,dean.dyoss@kumhotire.com
Independent Retailer,1116143, Springfield Autocare & Carsales ,KPP,CM0 8UA,East ,dean.dyoss@kumhotire.com
Independent Retailer,1116164, Graham's Tyres Limited ,KPP,S6 1SX,Yorkshire & Humberside,dean.dyoss@kumhotire.com
Independent Retailer,1116314, Bridgnorth Tyre Centre Ltd ,KPP,WV15 5AW,West Midlands,dean.dyoss@kumhotire.com
Independent Retailer,1116403, Droitwich Tyre & Exh Bromsgrove Ltd ,KPP,B60 3DR,West Midlands,dean.dyoss@kumhotire.com
Independent Retailer,1116485, Crackley Garage Limited ,KPP,CV8 2FD,West Midlands,dean.dyoss@kumhotire.com
Independent Retailer,1117661, PenistoneTyres Limited ,KPP,S36 7AH,Yorkshire & Humberside,dean.dyoss@kumhotire.com
Independent Retailer,1117860, Kidlington Tyre & Exhaust Centre ,KPP,OX5 1HT,South East,dean.dyoss@kumhotire.com
Independent Retailer,1117861, Brookos of Botley Limited ,KPP,OX2 0LX,South East,dean.dyoss@kumhotire.com
Independent Retailer,1121730, Chalky Whites Repairs and Service Ltd ,KPP,MK2 2BI,South East,dean.dyoss@kumhotire.com
Independent Retailer,1122123, The Garage (ALN Garages Limited) ,KPP,MK12 5RH,South East,dean.dyoss@kumhotire.com
Independent Retailer,1123458, Stratford Tyres Ltd ,KPP,CV37 0HS,West Midlands,dean.dyoss@kumhotire.com
Independent Retailer,1083227, Evesham Tyre Centre ,KPP,WR11 1GS,West Midlands,dean.dyoss@kumhotire.com
Independent Retailer,1085134, The Plume of Feathers Garage Ltd ,KPP,B90 3BW,West Midlands,dean.dyoss@kumhotire.com
Independent Retailer,1085138, DSW Motor Factors Limited ,KPP,S80 4HT,Yorkshire & Humberside,dean.dyoss@kumhotire.com
Independent Retailer,1086706, J A Price Motor Engineers Ltd ,KPP,SY9 5HB,Wales,dean.dyoss@kumhotire.com
Independent Retailer,1090027, Laindon Tyre Centre Ltd ,KPP,SS15 6PH,East,dean.dyoss@kumhotire.com
Independent Retailer,1098825, Addison Tyres Limited ,KPP,DY4 9HP,West Midlands,dean.dyoss@kumhotire.com
Independent Retailer,1098942, Fast Fit Plus Ltd ,KPP,B63 3HJ,West Midlands,dean.dyoss@kumhotire.com
Independent Retailer,1099882, The Tyre Warehouse Brackley Ltd ,KPP,NN13 7BE,East Midlands,dean.dyoss@kumhotire.com
Independent Retailer,1100710, Loughran Brothers Limited ,KPP,NN12 6PF,East Midlands,dean.dyoss@kumhotire.com
Independent Retailer,1101220, Queens Park Tyres Ltd ,KPP,CM12 0NH,East,dean.dyoss@kumhotire.com
Independent Retailer,1108782, Linslade Tyres Limited ,KPP,LU7 1LF,South East,dean.dyoss@kumhotire.com
Independent Retailer,1119282, Orbit Tyres Rushden ,KPP,NN10 9YE,East Midlands,dean.dyoss@kumhotire.com
Independent Retailer,1119283, Orbit Tyres Wellingborough ,KPP,NN8 4HN,East Midlands,dean.dyoss@kumhotire.com
Independent Retailer,1083229, Kingswinford Tyres Limited ,Other,DY6 7BD,West Midlands,dean.dyoss@kumhotire.com
Independent Retailer,1083814, Phillips Tyres Ltd ,Other,OX4 2TZ,South East,dean.dyoss@kumhotire.com
Independent Retailer,1119836, Wellingborough Tyres Limited ,Other,NN8 1RT,East Midlands,dean.dyoss@kumhotire.com
Independent Retailer,1122242, Charlett Tyres ,Other,OX5 1QB,South East,dean.dyoss@kumhotire.com
Independent Retailer,1125623, Tyremaster Tyre Specialist Limited ,Other,TF9 3SJ,West Midlands,dean.dyoss@kumhotire.com
National Wholesaler,1107168, Kings Road Tyres & Repairs Ltd (B) ,Wholesale,DE14 2WL,#National,julie.wigley@kumhotire.com
National Wholesaler,1096655, G B Tyres (UK) Limited ,Other,DY4 9SJ,#National,julie.wigley@kumhotire.com
National Wholesaler,1123998, Tyreline Original Equipment Limited ,Other,NN11 8PB,#National,julie.wigley@kumhotire.com
Regional Wholesaler,1119415, Mototrend Tyres Limited ,Other,WF17 9NF,Yorkshire & Humberside,julie.wigley@kumhotire.com
Regional Wholesaler,1083899, Oak Tyres UK Ltd ,Wholesale,WA12 0HF,North West,julie.wigley@kumhotire.com
Regional Retailer,1087186, Dexel Tyre Company Ltd HQ ,Other,S9 3JQ,East Midlands,julie.wigley@kumhotire.com
Regional Retailer,1086870, Selecta Tyre Limited (HQ) ,Other,NN16 8RA,East Midlands,julie.wigley@kumhotire.com
Regional Retailer,1096693, Southern Tyre Co T/A SeTyres PCR ,Other,BN27 4BW,South East,julie.wigley@kumhotire.com
Regional Retailer,1086849, Southern Tyre Co Ltd T/A SeTyres ,Other,BN27 4BW,South East,julie.wigley@kumhotire.com
Independent Retailer,1083231, Cuts Tyres & Exhausts ,KPP,TS13 4DY,North East,julie.wigley@kumhotire.com
Independent Retailer,1083234, AKW Tyre Services Ltd ,KPP,TA11 6SB,South West,julie.wigley@kumhotire.com
Independent Retailer,1084594, GoodTread Tyre  MOT Factors ltd ,KPP,IV17 0PS,Scotland,julie.wigley@kumhotire.com
Independent Retailer,1087184, RLG Tyres  ,KPP,TN21 9QB,South East,julie.wigley@kumhotire.com
Independent Retailer,1087362, Tyreworks Tyre Centres Ltd ,KPP,TF9 3UX,West Midlands,julie.wigley@kumhotire.com
Independent Retailer,1115699, Challenge Tyre Exh & MOT Cntr Ltd ,KPP,BA14 8RY,South West,julie.wigley@kumhotire.com
Independent Retailer,1115704, Ashton Tyre Specialists Limited ,KPP,SK10 4NL,North West,julie.wigley@kumhotire.com
Independent Retailer,1115742, Mill Auto Services ,KPP,TA3 5PX,South West,julie.wigley@kumhotire.com
Independent Retailer,1115744, A D Tyres ,KPP,KY1 2NL,Scotland,julie.wigley@kumhotire.com
Independent Retailer,1115787, P & B Tyres ,KPP,SY10 8GA,West Midlands,julie.wigley@kumhotire.com
Independent Retailer,1115808, Grove Hill Garage Limited ,KPP,LA2 7LH,North West,julie.wigley@kumhotire.com
Independent Retailer,1115836, Phillips Tyres Castle Cary Ltd ,KPP,BA7 7BD,South West,julie.wigley@kumhotire.com
Independent Retailer,1116019, Oxford Tyre & Battery Limited ,KPP,BD21 1QT,Yorkshire & Humberside,julie.wigley@kumhotire.com
Independent Retailer,1116021, Imperial Tyres Limited ,KPP,SN2 8EA,South West,julie.wigley@kumhotire.com
Independent Retailer,1116047, Edgwick Tyres (Coventry) Ltd ,KPP,CV4 9AP,West Midlands,julie.wigley@kumhotire.com
Independent Retailer,1116627, The Tyremen ,KPP,BB7 2JP,North West,julie.wigley@kumhotire.com
Independent Retailer,1083245, Henry's Tyre Limited (PCR) ,KPP,WF10 1LG,Yorkshire & Humberside,julie.wigley@kumhotire.com
Independent Retailer,1083809, LTC Tyres & Exhausts Ltd HQ ,KPP,DY5 3JN,West Midlands,julie.wigley@kumhotire.com
Independent Retailer,1083868, Castle Tyres ,KPP,BD16 2AF,Yorkshire & Humberside,julie.wigley@kumhotire.com
Independent Retailer,1083870, Coventry Service Centre ,KPP,CV3 2NY,West Midlands,julie.wigley@kumhotire.com
Independent Retailer,1083889, D & R Tyres ,KPP,DH9 0LL,North East,julie.wigley@kumhotire.com
Independent Retailer,1085041, Wirral Tyre & Commercial Ltd ,KPP,CH62 3NX,North West,julie.wigley@kumhotire.com
Independent Retailer,1085194, Lawden Tyre Services ,KPP,B10 0AB,West Midlands,julie.wigley@kumhotire.com
Independent Retailer,1086976, Andys Tyre Services Ltd (TBR) ,KPP,LL19 7HA,Wales,julie.wigley@kumhotire.com
Independent Retailer,1088017, Cumbria Tyre Specialists Ltd (THQ) ,KPP,CA1 3UD,North West,julie.wigley@kumhotire.com
Independent Retailer,1089142, Winner Garage Limited ,KPP,GL14 2PH,South West,julie.wigley@kumhotire.com
Independent Retailer,1099127, Tyre Market Limited ,KPP,WF16 9DQ,Yorkshire & Humberside,julie.wigley@kumhotire.com
Independent Retailer,1118585, North Devon Tyres(CNTR) ,KPP,EX16 6TW,South West,julie.wigley@kumhotire.com
Independent Retailer,1044451, Mel Williams Tyres ,Other,SA32 7NQ,Wales,julie.wigley@kumhotire.com
Independent Retailer,1083201, Cabot Tyre Service Limited ,Other,BS3 4UD,South West,julie.wigley@kumhotire.com
Independent Retailer,1083206, Stephen Maude Limited ,Other,DL12 8QJ,North East,julie.wigley@kumhotire.com
Independent Retailer,1083213, Capital Tyres (Northallerton) Ltd ,Other,DL6 2XE,North East,julie.wigley@kumhotire.com
Independent Retailer,1083214, Flaxley Tyres Limited ,Other,B33 9AL,West Midlands,julie.wigley@kumhotire.com
Independent Retailer,1083237, Penkridge Tyre & exhaust Service ,Other,ST19 5NU,West Midlands,julie.wigley@kumhotire.com
Independent Retailer,1083238, Tarporley Garage ,Other,CW6 9UT,North West,julie.wigley@kumhotire.com
Independent Retailer,1083239, Shaw Tyre & Exhaust Company Ltd ,Other,OL2 8PA,North West,julie.wigley@kumhotire.com
Independent Retailer,1083248, CRACKNELLS GARAGE ,Other,HG3 4HZ,Yorkshire & Humberside,julie.wigley@kumhotire.com
Independent Retailer,1083249, BUZZARD TYRE SERVICES ,Other,HG4 3QD,Yorkshire & Humberside,julie.wigley@kumhotire.com
Independent Retailer,1083252, B P TYRE & EXHAUST ,Other,DL9 4SA,North East,julie.wigley@kumhotire.com
Independent Retailer,1083790, K&P Motors(Kingston) ,Other,KT1 3LG,London,julie.wigley@kumhotire.com
Independent Retailer,1083804, Steve Lister Tyres Ltd ,Other,PR7 5DR,North West,julie.wigley@kumhotire.com
Independent Retailer,1083811, Speedy's Wheels And Tyres ,Other,LE1 2LX,East Midlands,julie.wigley@kumhotire.com
Independent Retailer,1083813, G & S Tyres (Stamford) ,Other,SS17 0HJ,East,julie.wigley@kumhotire.com
Independent Retailer,1083819, Tech Tyres Ltd (Car) ,Other,YO19 5UP,Yorkshire & Humberside,julie.wigley@kumhotire.com
Independent Retailer,1083824, Chirk Service Station ,Other,LL14 5NA,Wales,julie.wigley@kumhotire.com
Independent Retailer,1083831, Tan-Y-Clawdd Motors Ltd ,Other,LL14 1PA,Wales,julie.wigley@kumhotire.com
Independent Retailer,1083833, Teapes Tyres HQ ,Other,EX32 7BT,South West,julie.wigley@kumhotire.com
Independent Retailer,1083839, Riverside Motors (SW) Limited ,Other,EX11 1RE,South West,julie.wigley@kumhotire.com
Independent Retailer,1083846, Billy Whizz Tyres ,Other,ST4 4DR,West Midlands,julie.wigley@kumhotire.com
Independent Retailer,1083848, Lohen Limited ,Other,ST21 6JL,West Midlands,julie.wigley@kumhotire.com
Independent Retailer,1083851, Goodwill Motors Limited ,Other,NN16 8RX,East Midlands,julie.wigley@kumhotire.com
Independent Retailer,1083852, Buyrite Tyres Ltd ,Other,TQ12 4PB,South West,julie.wigley@kumhotire.com
Independent Retailer,1083853, Tyresave Manchester Ltd ,Other,M11 2DT,North West,julie.wigley@kumhotire.com
Independent Retailer,1083854, Stone Tyre Repairs Ltd ,Other,ST15 8LJ,West Midlands,julie.wigley@kumhotire.com
Independent Retailer,1083857, KB Tyres & Exhausts Ltd ,Other,BB18 6JA,North West,julie.wigley@kumhotire.com
Independent Retailer,1083860, Quaymoto Ltd T/A Teignmouth Tyres ,Other,TQ14 8ER,South West,julie.wigley@kumhotire.com
Independent Retailer,1083861, ZAVIZ International ltd ,Other,LL13 9UH,Wales,julie.wigley@kumhotire.com
Independent Retailer,1083874, Roy H.G Tolley Ltd ,Other,CO2 9JS,East,julie.wigley@kumhotire.com
Independent Retailer,1083878, Elite Direct.Com Ltd ,Other,RM13 8DE,London,julie.wigley@kumhotire.com
Independent Retailer,1083879, Ledbury Tyre & Battery Services ,Other,HR8 2DR,West Midlands,julie.wigley@kumhotire.com
Independent Retailer,1083881, O'Gara Developments Ltd t/a Ponthir ,Other,NP18 3NY,Wales,julie.wigley@kumhotire.com
Independent Retailer,1083883, Click On Tyres Ltd ,Other,BD18 3HH,Yorkshire & Humberside,julie.wigley@kumhotire.com
Independent Retailer,1084124, Tyre Maintenance Ltd ,Other,NE38 0AE,North East,julie.wigley@kumhotire.com
Independent Retailer,1084154, TTS Centre Ltd (The Tyre Shop) ,Other,E4 8SE,London,julie.wigley@kumhotire.com
Independent Retailer,1084393, First Tyreplus Ltd ,Other,SK8 6QH,North West,julie.wigley@kumhotire.com
Independent Retailer,1084459, W M Tyres ,Other,B66 2AA,West Midlands,julie.wigley@kumhotire.com
Independent Retailer,1084480, TES Garage Services Ltd ,Other,SO41 8JY,South East,julie.wigley@kumhotire.com
Independent Retailer,1084490, Ambertyre & Auto Centre Ltd ,Other,DE5 3GH,East Midlands,julie.wigley@kumhotire.com
Independent Retailer,1084516, Tyrz for Tyres (HQ) ,Other,SK10 5DN,North West,julie.wigley@kumhotire.com
Independent Retailer,1084519, Tyres n Tubes North West Ltd ,Other,SY14 7LN,Wales,julie.wigley@kumhotire.com
Independent Retailer,1084565, Higham Tyre & MOT Ltd ,Other,NN10 8DR,East,julie.wigley@kumhotire.com
Independent Retailer,1084566, DCM Tyres (Wessex) Ltd ,Other,SP7 8PL,South West,julie.wigley@kumhotire.com
Independent Retailer,1084571, A H Quinn Tyres (CAR) ,Other,NN7 4RG,East Midlands,julie.wigley@kumhotire.com
Independent Retailer,1084668, HMJ Tyres ,Other,SY6 6PG,Wales,julie.wigley@kumhotire.com
Independent Retailer,1084697, Steve Lister Tyres Ltd (Truck) ,Other,PR7 5DR,North West,julie.wigley@kumhotire.com
Independent Retailer,1084702, WM Tyres (Truck) ,Other,B66 2AA,West Midlands,julie.wigley@kumhotire.com
Independent Retailer,1084719, Greenford Tyres ,Other,UB6 0AL,London,julie.wigley@kumhotire.com
Independent Retailer,1084738, Harrisons Of Whitby HQ ,Other,YO21 3ED,Yorkshire & Humberside,julie.wigley@kumhotire.com
Independent Retailer,1084740, TNT Tyres (Ludlow) Ltd ,Other,SY8 1JH,Wales,julie.wigley@kumhotire.com
Independent Retailer,1084744, A & R Tyres ,Other,LL60 6HR,Wales,julie.wigley@kumhotire.com
Independent Retailer,1084745, T.Lang & Son (Aberavon) Limited ,Other,SA12 6HZ,Wales,julie.wigley@kumhotire.com
Independent Retailer,1084761, Surbiton Tyre Service ,Other,KT6 5AR,London,julie.wigley@kumhotire.com
Independent Retailer,1084998, Crossway Garage Ltd ,Other,SO40 2NN,South East,julie.wigley@kumhotire.com
Independent Retailer,1085013, Highview service station Ltd (HQ) ,Other,BA3 3AW,South West,julie.wigley@kumhotire.com
Independent Retailer,1085016, Flintshire Tyre & Autocare ,Other,CH5 2QW,North West,julie.wigley@kumhotire.com
Independent Retailer,1085113, Shakespeares Service Centre Ltd ,Other,CV35 9NA,West Midlands,julie.wigley@kumhotire.com
Independent Retailer,1085137, Ammanford Tyre & Auto Ltd ,Other,SA18 2BR,Wales,julie.wigley@kumhotire.com
Independent Retailer,1085139, The Rubber Company (GB) Ltd ,Other,BD17 7QA,Yorkshire & Humberside,julie.wigley@kumhotire.com
Independent Retailer,1085140, One Stop Solutions Ltd ,Other,M5 4LE,North West,julie.wigley@kumhotire.com
Independent Retailer,1085142, QR Sport Limited ,Other,CH3 9BD,North West,julie.wigley@kumhotire.com
Independent Retailer,1085178, W B Motor & Eng Company ,Other,WF6 2DE,Yorkshire & Humberside,julie.wigley@kumhotire.com
Independent Retailer,1085201, Mid Sussex Tyres ,Other,GU29 9RE,South East,julie.wigley@kumhotire.com
Independent Retailer,1085222, David Bolton T/A Appleby Tyres ,Other,CA16 6HT,North West,julie.wigley@kumhotire.com
Independent Retailer,1085253, Andover Tyre & Auto Srvcs Ltd ,Other,SP10 5LU,South West,julie.wigley@kumhotire.com
Independent Retailer,1085261, A & J Tyre Services Limited ,Other,WV13 2NX,West Midlands,julie.wigley@kumhotire.com
Independent Retailer,1085335, K & M Tyres Ltd (Car A/C) ,Other,IP30 9HN,East,julie.wigley@kumhotire.com
Independent Retailer,1085445, Tyre Express (Wholesale) Ltd ,Other,PO22 9NH,South East,julie.wigley@kumhotire.com
Independent Retailer,1085662, Abbey Tyres (Bishop Waltham) Ltd ,Other,SO32 1BH,South East,julie.wigley@kumhotire.com
Independent Retailer,1085973, A52 Tyre Barn Limited ,Other,NG13 9EW,East Midlands,julie.wigley@kumhotire.com
Independent Retailer,1086060, UK Tyre Technicians Ltd HQ (TBR) ,Other,NG31 7UH,East,julie.wigley@kumhotire.com
Independent Retailer,1086074, Willow Tyres (2006) Ltd ,Other,L22 6QA,North West,julie.wigley@kumhotire.com
Independent Retailer,1086083, Jamie Middleton TA Midfit Tyre TRK ,Other,CV9 2QX,West Midlands,julie.wigley@kumhotire.com
Independent Retailer,1086100, Fareham Tyres Limited ,Other,PO13 0AT,South East,julie.wigley@kumhotire.com
Independent Retailer,1086266, J & G Tyre Services Ltd ,Other,LL16 5SJ,Wales,julie.wigley@kumhotire.com
Independent Retailer,1086280, Tyreteam Limited (CAR) ,Other,HP14 4TJ,South East,julie.wigley@kumhotire.com
Independent Retailer,1086281, Tyreteam Limited (Truck) ,Other,HP14 4TJ,South East,julie.wigley@kumhotire.com
Independent Retailer,1086294, Richard Dean T/A Wesley Motors ,Other,CH41 1AQ,North West,julie.wigley@kumhotire.com
Independent Retailer,1086344, St Asaph Tyre & Battery Center ,Other,LL17 0NA,Wales,julie.wigley@kumhotire.com
Independent Retailer,1086346, Avalon Tyre Services Ltd (Car) ,Other,BA6 9LZ,South West,julie.wigley@kumhotire.com
Independent Retailer,1086383, Tyr-Ex Limited ,Other,DH1 5HP,North East,julie.wigley@kumhotire.com
Independent Retailer,1086406, Hi-Speed Tyres (SW) Limited ,Other,SA12 7BR,Wales,julie.wigley@kumhotire.com
Independent Retailer,1086526, CTyres.co.uk. (Online) Ltd ,Other,BD8 8BY,Yorkshire & Humberside,julie.wigley@kumhotire.com
Independent Retailer,1086530, Hillam Tyres Limited ,Other,HD8 8TJ,Yorkshire & Humberside,julie.wigley@kumhotire.com
Independent Retailer,1086665, Will Llewellyn Motors (W Llewellyn) ,Other,SY5 0JB,Wales,julie.wigley@kumhotire.com
Independent Retailer,1086708, Jamshed Baig T/A CTS Autocentre ,Other,WR5 1DS,West Midlands,julie.wigley@kumhotire.com
Independent Retailer,1086848, Eastbourne Tyre Company Ltd ,Other,BN22 7SE,South East,julie.wigley@kumhotire.com
Independent Retailer,1086905, Brierley Hill Tyres Ltd ,Other,DY5 1LH,West Midlands,julie.wigley@kumhotire.com
Independent Retailer,1086931, Five Acres Garage Limited ,Other,GL16 7QN,South West,julie.wigley@kumhotire.com
Independent Retailer,1086933, Elite Tyre Solutions Limited ,Other,LU1 3XQ,South East,julie.wigley@kumhotire.com
Independent Retailer,1087036, Mobile Tyre Maintenance (Mr France) ,Other,CT6 6TE,South East,julie.wigley@kumhotire.com
Independent Retailer,1087091, Driveme.Net Ltd (Car) ,Other,ST18 9QL,West Midlands,julie.wigley@kumhotire.com
Independent Retailer,1087153, Adams Tyre Specialists (Car) HQ ,Other,HU17 0QE,Yorkshire & Humberside,julie.wigley@kumhotire.com
Independent Retailer,1087168, J & M Tyreservices Ltd T/A HIQ ,Other,RH15 9RN,South East,julie.wigley@kumhotire.com
Independent Retailer,1087227, Colin McKeown T/A BOS Tyres ,Other,DL10 7HB,North East,julie.wigley@kumhotire.com
Independent Retailer,1087327, Haven Tyre Centre ( Mr Lewthwaite) ,Other,CA28 8TU,North West,julie.wigley@kumhotire.com
Independent Retailer,1087352, Tyrex Auto Services Ltd ,Other,B44 9ER,West Midlands,julie.wigley@kumhotire.com
Independent Retailer,1087365, Martin's Tyres Limited ,Other,DE14 1PZ,East Midlands,julie.wigley@kumhotire.com
Independent Retailer,1087481, M. Lewis Leaman Garage ,Other,SY4 1LA,Wales,julie.wigley@kumhotire.com
Independent Retailer,1087502, Kingsway Tyres (Stamford) Ltd ,Other,ST18 0GE,East,julie.wigley@kumhotire.com
Independent Retailer,1087571, Handley & Son Ltd ,Other,GU34 4PX,South East,julie.wigley@kumhotire.com
Independent Retailer,1087622, Hamish Lindsay Motorsport ,Other,B61 7AL,West Midlands,julie.wigley@kumhotire.com
Independent Retailer,1087658, Streatham Tyres (S Thomas T/A) ,Other,SW16 3QF,London,julie.wigley@kumhotire.com
Independent Retailer,1087724, 2 Mile Tyres (Robert Hughes T/A) ,Other,LL11 6AB,Wales,julie.wigley@kumhotire.com
Independent Retailer,1087725, Crofton Garage Limited ,Other,WF4 1HU,Yorkshire & Humberside,julie.wigley@kumhotire.com
Independent Retailer,1087952, Mel Williams Tyres (cash) ,Other,SA32 7NQ,Wales,julie.wigley@kumhotire.com
Independent Retailer,1088135, Eden Valley Tyres Ltd ,Other,CA17 4HT,North West,julie.wigley@kumhotire.com
Independent Retailer,1088144, Tegfan Garage Limited ,Other,LL53 8NP,Wales,julie.wigley@kumhotire.com
Independent Retailer,1088236, Motech (London) -USE 1116078 ,Other,SW16 6LJ,South East,julie.wigley@kumhotire.com
Independent Retailer,1088513, UK Tyre Technicians Ltd HQ CAR ,Other,NG31 7UK,East Midlands,julie.wigley@kumhotire.com
Independent Retailer,1088724, Pontardulais MOT Centre ,Other,SA4 8JP,Wales,julie.wigley@kumhotire.com
Independent Retailer,1088827, A R J Tyres (Andrew James T/A) ,Other,CF44 9HR,Wales,julie.wigley@kumhotire.com
Independent Retailer,1088978, BLVH Ltd T/A Badshot Lea Self Drive ,Other,GU9 9NN,South East,julie.wigley@kumhotire.com
Independent Retailer,1089272, Irvine Tyre and Exhaust Ltd ,Other,KA11 4JZ,Scotland,julie.wigley@kumhotire.com
Independent Retailer,1089311, Stewartry Tyres (Nwtn Stewart) Ltd ,Other,DG8 6JY,Scotland,julie.wigley@kumhotire.com
Independent Retailer,1089405, Tidy Tyres Ltd ,Other,SA12 9DE,Wales,julie.wigley@kumhotire.com
Independent Retailer,1089522, The Tyre Brigade (GB) Ltd ,Other,DE55 4BR,East Midlands,julie.wigley@kumhotire.com
Independent Retailer,1089556, Tuf Treads (Dyfed) Limited ,Other,SA15 5HU,Wales,julie.wigley@kumhotire.com
Independent Retailer,1090008, Llandovery Tyres & Batteries Ltd ,Other,SA20 0YD,Wales,julie.wigley@kumhotire.com
Independent Retailer,1090026, Monkleigh Garage (G Williams T/A) ,Other,EX39 5JS,South West,julie.wigley@kumhotire.com
Independent Retailer,1090343, Headley Tyres Limited ,Other,RG19 8LG,South East,julie.wigley@kumhotire.com
Independent Retailer,1090452, Terence Elsey Ltd (Truck) ,Other,YO17 6BT,Yorkshire & Humberside,julie.wigley@kumhotire.com
Independent Retailer,1090588, Autostyle Wheels Direct Ltd ,Other,L15 7NE,North West,julie.wigley@kumhotire.com
Independent Retailer,1090653, Potteries Tyres Ltd ,Other,ST4 3NJ,West Midlands,julie.wigley@kumhotire.com
Independent Retailer,1090809, Dolwen Garage (Nick Price T/A) ,Other,SY18 6LQ,Wales,julie.wigley@kumhotire.com
Independent Retailer,1090817, Town Garage ( C & C Stevens T/A) ,Other,CF72 8EX,Wales,julie.wigley@kumhotire.com
Independent Retailer,1090870, Universal Tyres & Spares Ltd ,Other,UB3 1DU,London,julie.wigley@kumhotire.com
Independent Retailer,1090985, Auto Moto Tyre & Exhaust Ltd ,Other,CF37 4NX,Wales,julie.wigley@kumhotire.com
Independent Retailer,1091030, Coopland & Son (Scarb) - CLOSED ,Other,YO12 5AF,Yorkshire & Humberside,julie.wigley@kumhotire.com
Independent Retailer,1093348, Rogerson Motors Limited ,Other,DG6 4EL,Scotland,julie.wigley@kumhotire.com
Independent Retailer,1093535, MOT Motorsport Ltd (INV ONLY) ,Other,NN7 4PS,East Midlands,julie.wigley@kumhotire.com
Independent Retailer,1093666, Hatherleigh Motor Services ,Other,EX20 3JA,South West,julie.wigley@kumhotire.com
Independent Retailer,1093760, Tyre Experts Ltd  HQ ,Other,BD18 3HH,Yorkshire & Humberside,julie.wigley@kumhotire.com
Independent Retailer,1093809, Towy Tyre Services ,Other,SA18 2TU,Wales,julie.wigley@kumhotire.com
Independent Retailer,1093967, Kewferry Ltd T/A 1320 Mini ,Other,PE19 5BJ,East,julie.wigley@kumhotire.com
Independent Retailer,1094398, Whitchurch Service & Repairs Ltd ,Other,RG28 7RL,South East,julie.wigley@kumhotire.com
Independent Retailer,1094484, Wimborne Tyres & Autocentre Ltd ,Other,BH21 2BH,South West,julie.wigley@kumhotire.com
Independent Retailer,1094513, Craven Arms Tyres Ltd (Cash) ,Other,SY7 9QQ,Wales,julie.wigley@kumhotire.com
Independent Retailer,1094604, Ariel Manufacturing Limited ,Other,TA18 7NR,South West,julie.wigley@kumhotire.com
Independent Retailer,1094776, Moreton Garage (Jon Collins T/A) ,Other,LL14 5DG,Wales,julie.wigley@kumhotire.com
Independent Retailer,1094847, Foxhunters Tyres & Alloys Ltd ,Other,NE25 8UG,North East,julie.wigley@kumhotire.com
Independent Retailer,1095280, Pembrokeshire Tyres (N Duffy T/A) ,Other,SA70 8EU,Wales,julie.wigley@kumhotire.com
Independent Retailer,1095397, Bill Mason Limited ,Other,NN13 7ED,East Midlands,julie.wigley@kumhotire.com
Independent Retailer,1095438, Cam Nic Ltd T/A Camnic Motors ,Other,HR8 1AR,West Midlands,julie.wigley@kumhotire.com
Independent Retailer,1095485, Coombe Vale Garage Ltd ,Other,TQ14 9ER,South West,julie.wigley@kumhotire.com
Independent Retailer,1095547, YLG YGS Ltd T/A Yatton Garage Srvcs ,Other,BS49 4AL,South West,julie.wigley@kumhotire.com
Independent Retailer,1095891, Hideaway Garage Limited ,Other,SP4 7LS,South West,julie.wigley@kumhotire.com
Independent Retailer,1096626, DJ Tyre & Auto Centre Ltd ,Other,WF10 1ET,Yorkshire & Humberside,julie.wigley@kumhotire.com
Independent Retailer,1096698, R & J Strang Tyres Services Ltd ,Other,ML3 0SS,Scotland,julie.wigley@kumhotire.com
Independent Retailer,1096762, SC dexter.jones@kumhotire.com Ltd T/A Wrights Garage ,Other,LL14 1LT,Wales,julie.wigley@kumhotire.com
Independent Retailer,1097220, York Tyre Sales Limited ,Other,YO19 5UY,Yorkshire & Humberside,julie.wigley@kumhotire.com
Independent Retailer,1097308, Top-Stop GB Limited ,Other,SP11 0PH,South West,julie.wigley@kumhotire.com
Independent Retailer,1097524, All Tyres and Wheels LLP ,Other,CT5 1QJ,South East,julie.wigley@kumhotire.com
Independent Retailer,1097703, Walrow Tyres Services Ltd ,Other,TA9 4AG,South West,julie.wigley@kumhotire.com
Independent Retailer,1097805, T C Juner & Son ,Other,EH3 5QS,Scotland,julie.wigley@kumhotire.com
Independent Retailer,1097806, 1 Tyremen Limited ,Other,HU3 4TX,Yorkshire & Humberside,julie.wigley@kumhotire.com
Independent Retailer,1097873, Al's Mobile Tyres Shop ,Other,LS25 6AR,Yorkshire & Humberside,julie.wigley@kumhotire.com
Independent Retailer,1098067, Hexham Tyre & Battery Co. Ltd ,Other,NE46 3PJ,North East,julie.wigley@kumhotire.com
Independent Retailer,1098154, Marsh Auto Centre Ltd T/A ETS Tyres ,Other,HD1 4QT,Yorkshire & Humberside,julie.wigley@kumhotire.com
Independent Retailer,1098208, Target Tyres (Halifax) Ltd ,Other,HX6 3BS,Yorkshire & Humberside,julie.wigley@kumhotire.com
Independent Retailer,1098441," Westwood MOT, Tyre & Srvc Cntr Ltd ",Other,CT9 4HX,South East,julie.wigley@kumhotire.com
Independent Retailer,1098696, Prestige Tyres Limited ,Other,G76 8SE,Scotland,julie.wigley@kumhotire.com
Independent Retailer,1098919, Van and Car North Yorkshire Ltd ,Other,LS24 9QR,Yorkshire & Humberside,julie.wigley@kumhotire.com
Independent Retailer,1098941, Tanbank Tyres Limited ,Other,TF10 7LJ,West Midlands,julie.wigley@kumhotire.com
Independent Retailer,1099055, Black N Rounds Limited ,Other,NN12 8TJ,East Midlands,julie.wigley@kumhotire.com
Independent Retailer,1099057, Tyreshop Autocentres ,Other,KY7 5QF,Scotland,julie.wigley@kumhotire.com
Independent Retailer,1099071, Ackworth Autoserve ,Other,WF7 7AA,Yorkshire & Humberside,julie.wigley@kumhotire.com
Independent Retailer,1099396, New Marque Specialist Cars Ltd ,Other,CB24 3DW,East,julie.wigley@kumhotire.com
Independent Retailer,1099397, K & M (UK) Limited ,Other,TN6 3DZ,South East,julie.wigley@kumhotire.com
Independent Retailer,1099605, Universal Tyre Co (Deptford) Ltd ,Other,DA1 1QG,London,julie.wigley@kumhotire.com
Independent Retailer,1099714, HiQ Tunbridge Wells ,Other,TN2 3BQ,South East,julie.wigley@kumhotire.com
Independent Retailer,1099716, Nigel Guest T/A The Tyreshop ,Other,HX1 2LY,Yorkshire & Humberside,julie.wigley@kumhotire.com
Independent Retailer,1099815, Trotting Mare Garages Ltd ,Other,LL13 0LE,Wales,julie.wigley@kumhotire.com
Independent Retailer,1099883, Kerbside Tyre & Exhaust Ltd HQ ,Other,GU12 5PP,South East,julie.wigley@kumhotire.com
Independent Retailer,1100712, J & R Brogan T/A Newbold Tyres ,Other,OL16 5AS,North West,julie.wigley@kumhotire.com
Independent Retailer,1100897, Lorraine Laundy T/A ALR Tyres ,Other,AL5 4UN,East,julie.wigley@kumhotire.com
Independent Retailer,1101327, Morgans Tyres Ltd ,Other,TS25 5RU,North East,julie.wigley@kumhotire.com
Independent Retailer,1101484, Farmborough Tyre Services ,Other,BA2 0EG,South West,julie.wigley@kumhotire.com
Independent Retailer,1101745, Maidenhead Tyres Ltd ,Other,SL6 2GQ,South East,julie.wigley@kumhotire.com
Independent Retailer,1101755, Tony Nothers T/A Tyre Economy ,Other,BD2 1AL,Yorkshire & Humberside,julie.wigley@kumhotire.com
Independent Retailer,1102953, Ian W. Bentley Bulk Transport Ltd ,Other,HD8 8LS,Yorkshire & Humberside,julie.wigley@kumhotire.com
Independent Retailer,1105101, L.K. Performance Limited ,Other,BD19 4EW,Yorkshire & Humberside,julie.wigley@kumhotire.com
Independent Retailer,1105116, Cox's Tyre & Exhaust Services Ltd ,Other,B69 4NH,West Midlands,julie.wigley@kumhotire.com
Independent Retailer,1105348, ST Tyres (FR) Limited ,Other,AB43 7ED,Scotland,julie.wigley@kumhotire.com
Independent Retailer,1105365, HQ Garage Services ,Other,KY11 9JN,Scotland,julie.wigley@kumhotire.com
Independent Retailer,1105431, G W Tyres (Wakefield) Ltd ,Other,WF2 9LP,Yorkshire & Humberside,julie.wigley@kumhotire.com
Independent Retailer,1105533, Horbury Tyres Limited ,Other,WF4 5AG,Yorkshire & Humberside,julie.wigley@kumhotire.com
Independent Retailer,1105609, Ken Clarke Ltd T/A Ossett Tyre Hse ,Other,WF5 8PR,Yorkshire & Humberside,julie.wigley@kumhotire.com
Independent Retailer,1105621, Lamberts Transport & Eng Ltd ,Other,BD23 5EU,Yorkshire & Humberside,julie.wigley@kumhotire.com
Independent Retailer,1105654, Fuller Tyres Limited ,Other,GU4 7QA,South East,julie.wigley@kumhotire.com
Independent Retailer,1105677, Tred-Rite Tyres Limited ,Other,AB56 1TS,Scotland,julie.wigley@kumhotire.com
Independent Retailer,1106595, Reg Greenwood (Tyres & Exhst) Ltd ,Other,WF8 2LB,Yorkshire & Humberside,julie.wigley@kumhotire.com
Independent Retailer,1106734, Merlyn Excel Limited ,Other,CA11 9BB,North West,julie.wigley@kumhotire.com
Independent Retailer,1106747, PVS Europe Limited ,Other,CO2 0EB,East,julie.wigley@kumhotire.com
Independent Retailer,1107027, Direct Tyre Management Ltd ,Other,WN8 9RD,North West,julie.wigley@kumhotire.com
Independent Retailer,1107298, DMR Commercials Limited ,Other,WF13 3EN,Yorkshire & Humberside,julie.wigley@kumhotire.com
Independent Retailer,1107433, Robert Collins T/A Tyrewise ,Other,SL6 3ST,South East,julie.wigley@kumhotire.com
Independent Retailer,1107434, Tyreman Limited ,Other,CF48 3TD,Wales,julie.wigley@kumhotire.com
Independent Retailer,1107435, Treadmark Tyres (Whitstable) Ltd ,Other,CT5 3AH,South East,julie.wigley@kumhotire.com
Independent Retailer,1107572, Wheelz Technologies Limited ,Other,BR8 8DX,London,julie.wigley@kumhotire.com
Independent Retailer,1107877, Wheels & Tyres Direct Truro Ltd ,Other,TR4 8ST,South West,julie.wigley@kumhotire.com
Independent Retailer,1107879, Jardine Motors Limited ,Other,DG5 4AX,Scotland,julie.wigley@kumhotire.com
Independent Retailer,1107915, The Garage Tyre & Autocare Ltd ,Other,YO31 7XU,Yorkshire & Humberside,julie.wigley@kumhotire.com
Independent Retailer,1107962, Three Sixty Alloys ,Other,RG2 0LU,South East,julie.wigley@kumhotire.com
Independent Retailer,1108034, Tom Tully (Tyre Services) Ltd ,Other,L24 1YA,North West,julie.wigley@kumhotire.com
Independent Retailer,1108141, K5 Ltd T/A Smartfit Auto Centre ,Other,PE1 3SA,East,julie.wigley@kumhotire.com
Independent Retailer,1108169, Peter Cooper Car Repairs ,Other,KT14 7LF,London,julie.wigley@kumhotire.com
Independent Retailer,1108172, Tenby Tyre Centre Limited ,Other,SA70 7NJ,Wales,julie.wigley@kumhotire.com
Independent Retailer,1108198, David James T/A Fred The Tread ,Other,MK17 8UD,South East,julie.wigley@kumhotire.com
Independent Retailer,1108783, G Force Tyres Limited ,Other,GU12 4DD,South East,julie.wigley@kumhotire.com
Independent Retailer,1108860, Performance Tyres (Leeds) Ltd ,Other,LS14 2LB,Yorkshire & Humberside,julie.wigley@kumhotire.com
Independent Retailer,1108962, Mark Stafford T/A Treadrite Tyres ,Other,NG24 1LH,East Midlands,julie.wigley@kumhotire.com
Independent Retailer,1109029, R. Robertson and Son ,Other,ZE2 9BH,Scotland,julie.wigley@kumhotire.com
Independent Retailer,1109098, Get Grip Autos (CASH) ,Other,GL53 7EG,South West,julie.wigley@kumhotire.com
Independent Retailer,1109099, Somerset Tyre & Auto ,Other,TA6 4PW,South West,julie.wigley@kumhotire.com
Independent Retailer,1109137, Pitchford Tyres Limited ,Other,WF5 8AW,Yorkshire & Humberside,julie.wigley@kumhotire.com
Independent Retailer,1115746, Stewart Pitlaithly T/A Cotly Garage ,Other,PH10 6DU,Scotland,julie.wigley@kumhotire.com
Independent Retailer,1115750, HIQ - Nevinson's Limited ,Other,CA22 2DU,North West,julie.wigley@kumhotire.com
Independent Retailer,1115793, Mr J GillilandT/A Performance Tyres ,Other,G76 9DT,Scotland,julie.wigley@kumhotire.com
Independent Retailer,1115987, Saracens Tyres Limited ,Other,LL21 9ST,Wales,julie.wigley@kumhotire.com
Independent Retailer,1116046, Mobile Tyre Professionals Ltd ,Other,BS24 9DJ,South West,julie.wigley@kumhotire.com
Independent Retailer,1116797, Autotyres (Shrewsbury) Ltd ,Other,SY3 8RJ,Wales,julie.wigley@kumhotire.com
Independent Retailer,1116799, Castle Hill Tyres Limited ,Other,EX13 5RL,South West,julie.wigley@kumhotire.com
Independent Retailer,1117543, Whieldon Tyres Limited ,Other,ST13 6LX,West Midlands,julie.wigley@kumhotire.com
Independent Retailer,1117689, Automotive Wheels Ltd ,Other,ME2 2NW,South East,julie.wigley@kumhotire.com
Independent Retailer,1118291, Charlies Tyre Shops Ltd ,Other,HD9 6PL,Yorkshire & Humberside,julie.wigley@kumhotire.com
Independent Retailer,1118292, LT's Tyres and Autos Ltd (CASH) ,Other,CF31 2AL,Wales,julie.wigley@kumhotire.com
Independent Retailer,1118380, North Star Tyres ,Other,HD8 9HW,Yorkshire & Humberside,julie.wigley@kumhotire.com
Independent Retailer,1118878, Wheel 'N' Tyres Limited ,Other,ST10 1SR,West Midlands,julie.wigley@kumhotire.com
Independent Retailer,1119002, Paint Tec + ARW Ltd ,Other,BL8 1AQ,Scotland,julie.wigley@kumhotire.com
Independent Retailer,1119144, Adams & Page Limited ,Other,HP12 3RQ,South East,julie.wigley@kumhotire.com
Independent Retailer,1119213, Pioneer Tyres Limited ,Other,LE67 1EU,East Midlands,julie.wigley@kumhotire.com
Independent Retailer,1119268, K&M Autocentre Limited ,Other,NG6 8QH,East Midlands,julie.wigley@kumhotire.com
Independent Retailer,1119557, Vision Tech Automotive ,Other,CO7 7BN,East,julie.wigley@kumhotire.com
Independent Retailer,1119653, Jem Tyres Limited ,Other,BL4 9EB,North West,julie.wigley@kumhotire.com
Independent Retailer,1119780, Trade Tyres (Blackburn) Limited ,Other,BB2 6DR,North West,julie.wigley@kumhotire.com
Independent Retailer,1121867, P Harrison & Co Limited ,Other,BB7 1QS,North West,julie.wigley@kumhotire.com
Independent Retailer,1121888, Alan Duncan Garage Services ,Other,AB55 4FR,Scotland,julie.wigley@kumhotire.com
Independent Retailer,1122025, Cleveland Auto Recyclers Ltd ,Other,TS12 2LQ,North East,julie.wigley@kumhotire.com
Independent Retailer,1122268, Easityre Ltd ,Other,KY7 4NP,Scotland,julie.wigley@kumhotire.com
Independent Retailer,1123432, Farmer's Tyre Ltd ,Other,CV33 9AX,West Midlands,julie.wigley@kumhotire.com
Independent Retailer,1125227, Waltons Garage Services Ltd ,Other,NG34 0QP,East Midlands,julie.wigley@kumhotire.com
Independent Retailer,1115696, Dave Prance Tyre & Autocentres Ltd ,KPP,CF5 4SY,Wales,dexter.jones@kumhotire.com
Independent Retailer,1115697, Heath Tyres Auto Centre Ltd ,KPP,CF14 4HH,Wales,dexter.jones@kumhotire.com
Independent Retailer,1115698, Neil Arnold Tyres Limited ,KPP,TA24 5TR,South West,dexter.jones@kumhotire.com
Independent Retailer,1115700, Checkpoint Warminster Limited ,KPP,BA12 9DX,South West,dexter.jones@kumhotire.com
Independent Retailer,1115743, Bridge Tyrehouse ,KPP,PL27 7AL,South West,dexter.jones@kumhotire.com
Independent Retailer,1115747, Greenaways Tyre & Exhaust Srvs Ltd ,KPP,PL15 8DF,South West,dexter.jones@kumhotire.com
Independent Retailer,1115748, Forest of Dean Tyres Limited ,KPP,GL15 4QF,South West,dexter.jones@kumhotire.com
Independent Retailer,1115749, Taylors Tyres Limited ,KPP,TR15 3EL,South West,dexter.jones@kumhotire.com
Independent Retailer,1115781, Phil Harvey Tyres Limited ,KPP,NP11 4AB,Wales,dexter.jones@kumhotire.com
Independent Retailer,1115783, G T Tyres (Ceredigion) Ltd ,KPP,SA43 3AE,Wales,dexter.jones@kumhotire.com
Independent Retailer,1115785, Enterprise Tyres & Exhausts Ltd ,KPP,SA10 7DR,Wales,dexter.jones@kumhotire.com
Independent Retailer,1115788, Hereford Tyres Limited ,KPP,HR1 2HD,West Midlands,dexter.jones@kumhotire.com
Independent Retailer,1115830, Bobs Tyres Limited ,KPP,TA18 7HE,South West,dexter.jones@kumhotire.com
Independent Retailer,1115831, H & B Tyres Limited ,KPP,BA11 1QH,South West,dexter.jones@kumhotire.com
Independent Retailer,1115835, Xpress Garage Limited ,KPP,TR11 4SN,South West,dexter.jones@kumhotire.com
Independent Retailer,1115879, Nomansland Garage Limited ,KPP,SP5 2BP,South West,dexter.jones@kumhotire.com
Independent Retailer,1115906, K P Tyres & Exhausts ,KPP,SA15 4DP,Wales,dexter.jones@kumhotire.com
Independent Retailer,1115912, G. D. S. Tyres Limited ,KPP,SA61 1JW,Wales,dexter.jones@kumhotire.com
Independent Retailer,1115913, Haverfordwest Tyre & Exh Cntr Ltd ,KPP,SA62 4BW,Wales,dexter.jones@kumhotire.com
Independent Retailer,1115916, Continental Srv Stn (Abercrave) Ltd ,KPP,SA9 1SW,Wales,dexter.jones@kumhotire.com
Independent Retailer,1115918, Bradley Lane MOT Centre Ltd ,KPP,TQ12 1NB,South West,dexter.jones@kumhotire.com
Independent Retailer,1115985, Tytherleigh Vehicle Electrics ,KPP,TA20 1FA,South West,dexter.jones@kumhotire.com
Independent Retailer,1115991, Miles Tyres & Exhaust Services ,KPP,BS35 1RF,South West,dexter.jones@kumhotire.com
Independent Retailer,1115992, Smooth RideTyre & Auto Centre Ltd ,KPP,CF44 6EJ,Wales,dexter.jones@kumhotire.com
Independent Retailer,1116080, Melksham Tyre Supplies ,KPP,SN12 8BN,South West,dexter.jones@kumhotire.com
Independent Retailer,1116105, T and A Motors Limited ,KPP,BA15 2AU,South West,dexter.jones@kumhotire.com
Independent Retailer,1116205, R Norton T/A Checkpoint Tyre & Auto ,KPP,SN10 1DT,South West,dexter.jones@kumhotire.com
Independent Retailer,1116206, Brunel Tyres Limited ,KPP,BS2 9XS,South West,dexter.jones@kumhotire.com
Independent Retailer,1116207, Steve Andrews (Tyres) Limited ,KPP,PL25 3LD,South West,dexter.jones@kumhotire.com
Independent Retailer,1116405, Checkpoint Tyre & Auto Ltd ,KPP,SN10 1DT,South West,dexter.jones@kumhotire.com
Independent Retailer,1116419, Treads Tyres & Autos Limited ,KPP,TQ2 7NS,South West,dexter.jones@kumhotire.com
Independent Retailer,1118717, Llandrindod Tyres Ltd ,KPP,LD1 5BB,Wales,dexter.jones@kumhotire.com
Independent Retailer,1121837, Plymouth Tyres Ltd ,KPP,PL9 7BG,South West,dexter.jones@kumhotire.com
Independent Retailer,1083233, Ryans Garage Limited ,KPP,BS20 7BX,South West,dexter.jones@kumhotire.com
Independent Retailer,1083797, AMS Tyres & Exhausts HQ (Shawbrook) ,KPP,TQ3 2HW,South West,dexter.jones@kumhotire.com
Independent Retailer,1083802, Warwick Car Company Ltd ,KPP,GL5 3JA,South West,dexter.jones@kumhotire.com
Independent Retailer,1083845, Cribb Tyre And Battery Ltd ,KPP,BH16 6JW,South West,dexter.jones@kumhotire.com
Independent Retailer,1084422, Cheddar Tyre Supplies ,KPP,BS27 3EE,South West,dexter.jones@kumhotire.com
Independent Retailer,1084542, Sandford Tyres & Exhaust Cntr Ltd ,KPP,BS40 5TG,South West,dexter.jones@kumhotire.com
Independent Retailer,1085199, Westbury Tyre & MOT Centre Ltd ,KPP,BA13 4JS,South West,dexter.jones@kumhotire.com
Independent Retailer,1086907, Wilf Dawes Tyres (E Summers T/A) ,KPP,PL12 6LX,South West,dexter.jones@kumhotire.com
Independent Retailer,1090519, Bassett & Sluggett Coaches Ltd ,KPP,EX22 6EW,South West,dexter.jones@kumhotire.com
Independent Retailer,1097731, Adams Auto Limited ,KPP,EX8 2NS,South West,dexter.jones@kumhotire.com
Independent Retailer,1099887, North Devon Tyres Ltd (HQ) ,KPP,EX16 6TW,South West,dexter.jones@kumhotire.com
Independent Retailer,1100771, Rod Morgan Ltd T/A Lion Garage ,KPP,LD2 3NL,Wales,dexter.jones@kumhotire.com
Independent Retailer,1102734, North Devon Tyres Ltd (PCR) ,KPP,EX16 6TW,South West,dexter.jones@kumhotire.com
Independent Retailer,1084588, TRS Tyre Specialists ,Other,SP11 6LJ,South West,dexter.jones@kumhotire.com
Independent Retailer,1084778, Briant Tyres & Exhausts Ltd HQ ,Other,BS37 6RL,South West,dexter.jones@kumhotire.com
Independent Retailer,1084866, Briant Tyre & Exhausts Ltd (THQ) ,Other,BS37 6RL,South East,dexter.jones@kumhotire.com
Independent Retailer,1087259, Wareham Tyre & Exhaust Centre ,Other,BH20 4DY,South West,dexter.jones@kumhotire.com
Independent Retailer,1089406, Bennetts Field Garage Ltd ,Other,BA9 9DT,South West,dexter.jones@kumhotire.com
Independent Retailer,1090808, Fairview Vehicle Services ,Other,SP7 9PX,South West,dexter.jones@kumhotire.com
Independent Retailer,1094744, John Kerr ,Other,SA33 6BX,Wales,dexter.jones@kumhotire.com
Independent Retailer,1095378, Cross Tyres & Auto ,Other,SA14 6RE,Wales,dexter.jones@kumhotire.com
Independent Retailer,1097733, Downton Tyre and Autocare Ltd ,Other,SP5 3HU,South West,dexter.jones@kumhotire.com
Independent Retailer,1101147, Brakes  Motor Company ,Other,TA19 9BJ,South West,dexter.jones@kumhotire.com
Independent Retailer,1106702, Keynsham Garage Services Ltd ,Other,BS31 2AL,South West,dexter.jones@kumhotire.com
Independent Retailer,1108158, Narberth Tyres Limited ,Other,SA67 7BT,Wales,dexter.jones@kumhotire.com
Independent Retailer,1108229, Haven Tyre Company Ltd ,Other,SA73 2JH,Wales,dexter.jones@kumhotire.com
Independent Retailer,1116014, SMS Station Motor Services Ltd ,Other,BA5 1AH,South West,dexter.jones@kumhotire.com
Independent Retailer,1121794, Tyremarks ,Other,PL19 8DE,South West,dexter.jones@kumhotire.com
Independent Retailer,1121866, Tollgate Hire Ltd ,Other,BS15 3HF,South West,dexter.jones@kumhotire.com
Independent Retailer,1126405, CHECKPOINT TYRE & AUTO (DEVIZES) ,Other,SN10 1DT,South West,dexter.jones@kumhotire.com
Independent Retailer,1126489, Chris Mullins Tyres (SW) Ltd ,Other,GL2 5DN,South West,dexter.jones@kumhotire.com
Independent Retailer,1126588, MIKE KNIGHT TYRES LTD ,Other,BS11 9YQ,South West,dexter.jones@kumhotire.com
Independent Retailer,1127232, GB TYRES (TAUNTON) LIMITED ,Other,TA1 1BZ,South West,dexter.jones@kumhotire.com
Independent Retailer,1127334, SHALI MOTORS T/A TOP OF TOWN MOTORS ,Other,SA65 9BB,Wales,dexter.jones@kumhotire.com
Independent Retailer,1127548, SIDMOUTH TYRES & EXHAUSTS LTD ,Other,EX10 9HL,South West,dexter.jones@kumhotire.com
Independent Retailer,1127837, VASS OF BATH LTD ,Other,BA1 3JN,South West,dexter.jones@kumhotire.com
Independent Retailer,1128263, CWMBRAN GARAGES T/A MOTAZONE ,Other,NP44 7XB,Wales,dexter.jones@kumhotire.com
Independent Retailer,1128264, Performance Tyre & Auto Care ,Other,PL9 7BG,South West,dexter.jones@kumhotire.com
Independent Retailer,1090869, Havers Tyres ,KPP,NR3 2DU,East,graham.morris@kumhotire.com
Independent Retailer,1101402, Tennyson Tyres Limited ,KPP,PE12 8LY,East,graham.morris@kumhotire.com
Independent Retailer,1105370, Peter Winn Tyres Limited ,KPP,YO42 2HZ,Yorkshire & Humberside,graham.morris@kumhotire.com
Independent Retailer,1106703, GW Autoserve Ltd (inc with 1116361) ,KPP,IP3 0AW,East,graham.morris@kumhotire.com
Independent Retailer,1115825, D. D. Tyres Limited ,KPP,DN5 0EW,Yorkshire & Humberside,graham.morris@kumhotire.com
Independent Retailer,1115833, The Tyre & MOT Place ,KPP,PE15 8QP,East,graham.morris@kumhotire.com
Independent Retailer,1115837, Wheelcraft Limited ,KPP,NG34 9JH,East Midlands,graham.morris@kumhotire.com
Independent Retailer,1115838, Micks Tyres Limited ,KPP,NG18 2HD,East Midlands,graham.morris@kumhotire.com
Independent Retailer,1115907, Fleet Fit Loughborough ,KPP,LE11 5DF,East Midlands,graham.morris@kumhotire.com
Independent Retailer,1115988, Hammond Tyres ,KPP,IP19 8HX,East,graham.morris@kumhotire.com
Independent Retailer,1115994, Tyres (Kings Lynn) Limited ,KPP,PE30 1PH,East,graham.morris@kumhotire.com
Independent Retailer,1116018, EDM Leisure & Garage Services Ltd ,KPP,DE65 6BE,East Midlands,graham.morris@kumhotire.com
Independent Retailer,1116022, A14 Tyres Limited ,KPP,IP32 6AH,East,graham.morris@kumhotire.com
Independent Retailer,1116079, X-Spurt Tyres ,KPP,IP4 2ER,East,graham.morris@kumhotire.com
Independent Retailer,1116104, Cole & Day ,KPP,PE28 3JA,East,graham.morris@kumhotire.com
Independent Retailer,1116139, Malcolms Tyres & Exhausts Ltd ,KPP,S70 1XR,Yorkshire & Humberside,graham.morris@kumhotire.com
Independent Retailer,1116141, Ian Brown Tyres Limited ,KPP,YO17 6YB,Yorkshire & Humberside,graham.morris@kumhotire.com
Independent Retailer,1116304, KMC Tyres ,KPP,NR3 2BX,East,graham.morris@kumhotire.com
Independent Retailer,1116361, Williams Tyre & Exhaust Srvs Ipswich Ltd ,KPP,IP1 5BN,East,graham.morris@kumhotire.com
Independent Retailer,1116451, Breckland Tyre Services ,KPP,NR17 2NP,East,graham.morris@kumhotire.com
Independent Retailer,1116800, G W Autoserve (Ipswich) Ltd ,KPP,IP2 0AW,East,graham.morris@kumhotire.com
Independent Retailer,1117690, Boro Tyre & Exhaust Centre Ltd ,KPP,YO12 4BT,Yorkshire & Humberside,graham.morris@kumhotire.com
Independent Retailer,1117815, Auto Exhaust & Tyres Limited ,KPP,LN6 7RY,East Midlands,graham.morris@kumhotire.com
Independent Retailer,1118718, Apex Tyres Limited ,KPP,PE4 6LQ,East,graham.morris@kumhotire.com
Independent Retailer,1119532, Moss Tyres & Autocentres ,KPP,YO30 4WF,Yorkshire & Humberside,graham.morris@kumhotire.com
Independent Retailer,1122406, Elite Garage Services ,KPP,NR28 0AJ,East,graham.morris@kumhotire.com
Independent Retailer,1125907, K. Tee Motorcentre Limited ,KPP,LE18 4PR,East Midlands,graham.morris@kumhotire.com
Independent Retailer,1126648, Lincolns Tyre Service (ALS) Ltd ,KPP,SG1 3ES,East,graham.morris@kumhotire.com
Independent Retailer,1127171, Europit Tyres Ltd ,KPP,CO15 3TQ,East ,graham.morris@kumhotire.com
Independent Retailer,1083246, Carnaby Tyres ,KPP,YO15 3QY,Yorkshire & Humberside,graham.morris@kumhotire.com
Independent Retailer,1083251, Gemini Cars ,KPP,S66 8LA,Yorkshire & Humberside,graham.morris@kumhotire.com
Independent Retailer,1083890, Trevs Tyres Limited ,KPP,PE10 9LA,East,graham.morris@kumhotire.com
Independent Retailer,1084004, Auto Care ,KPP,SG12 0AD,South East,graham.morris@kumhotire.com
Independent Retailer,1084437, Kirkley Run Tyres & Wheels (HQ) ,KPP,NR33 0NH,East Midlands,graham.morris@kumhotire.com
Independent Retailer,1085259, Phillip Abbs T/A Phils Tyres ,KPP,PE2 7BX,East,graham.morris@kumhotire.com
Independent Retailer,1086333, Mill Tyres ( Edward Sands T/A) ,KPP,PE21 6TR,East,graham.morris@kumhotire.com
Independent Retailer,1087070, Rob Henson Vehicle Repairs ,KPP,PE11 2UJ,East,graham.morris@kumhotire.com
Independent Retailer,1095726, Will Ellerby Tyres Limited ,KPP,PE23 5HE,East,graham.morris@kumhotire.com
Independent Retailer,1102751, A1 Tyre Services Limited ,KPP,HU8 8AF,Yorkshire & Humberside,graham.morris@kumhotire.com
Independent Retailer,1083199, Weeting Tyres Ltd (TBR) ,Other,IP27 0ND,East,graham.morris@kumhotire.com
Independent Retailer,1083232, Thorntons Performance Tyres ,Other,LE7 2EQ,East Midlands,graham.morris@kumhotire.com
Independent Retailer,1083803, Terence Elsey Ltd ,Other,YO17 6BT,Yorkshire & Humberside,graham.morris@kumhotire.com
Independent Retailer,1083863, Jet Tyres ,Other,SS8 0PR,East,graham.morris@kumhotire.com
Independent Retailer,1083875, Miller Auto Centre ,Other,DE7 8EF,East Midlands,graham.morris@kumhotire.com
Independent Retailer,1084011, Welland Tyres ,Other,PE9 2AN,East,graham.morris@kumhotire.com
Independent Retailer,1084081, Thaxted Tyre Exhaust And Service ,Other,CM6 2ND,East,graham.morris@kumhotire.com
Independent Retailer,1084084, Weeley Tyre And Exhaust Ltd(HQ) ,Other,CO16 9JT,East,graham.morris@kumhotire.com
Independent Retailer,1084427, Simon Thorpe Motor ,Other,DN31 2TG,Yorkshire & Humberside,graham.morris@kumhotire.com
Independent Retailer,1084547, P & J Tyre Services Ltd ,Other,SS12 9EP,East,graham.morris@kumhotire.com
Independent Retailer,1084806, Manor Tyres Ltd ,Other,DN7 5SE,Yorkshire & Humberside,graham.morris@kumhotire.com
Independent Retailer,1084834, Tyrex (Shepshed) ,Other,LE12 9NJ,East Midlands,graham.morris@kumhotire.com
Independent Retailer,1086885, Peterborough Tyre & Battery Ltd ,Other,PE6 7QT,East,graham.morris@kumhotire.com
Independent Retailer,1087118, J Skelton Garage Services Ltd ,Other,YO60 6RZ,Yorkshire & Humberside,graham.morris@kumhotire.com
Independent Retailer,1087309," Oakley Rd Tyres Ltd, Eastern Tyres ",Other,CO12 4JB,East,graham.morris@kumhotire.com
Independent Retailer,1087421, Enterprise Tyres Ltd ,Other,PE11 3ZN,East,graham.morris@kumhotire.com
Independent Retailer,1088025, Estate Tyres (Chesterfield) Ltd ,Other,S41 0QD,Yorkshire & Humberside,graham.morris@kumhotire.com
Independent Retailer,1088303, KD Tyres Ltd HQ ,Other,CO15 3DS,East,graham.morris@kumhotire.com
Independent Retailer,1095204, MJA Car Sales Ltd T/A Myles Hire ,Other,SS2 5BZ,East,graham.morris@kumhotire.com
Independent Retailer,1095278, Long Sutton Tyres & Exhausts ,Other,PE12 9DH,East,graham.morris@kumhotire.com
Independent Retailer,1095396, Reeves Tyre Centre Ltd ,Other,PE11 4HL,East,graham.morris@kumhotire.com
Independent Retailer,1095456, Melton Mowbray Tyre Recycling Ltd ,Other,LE13 0NX,East Midlands,graham.morris@kumhotire.com
Independent Retailer,1099885, Simon Rawdon Tyres Batts & Exh Ltd ,Other,LN9 6SB,East Midlands,graham.morris@kumhotire.com
Independent Retailer,1100715, David Wass T/A D2 Tyres ,Other,YO26 9TT,Yorkshire & Humberside,graham.morris@kumhotire.com
Independent Retailer,1102847, Thrussington Garage Ltd ,Other,LE7 3XA,East Midlands,graham.morris@kumhotire.com
Independent Retailer,1102848, Direct Discount Tyres Ltd ,Other,DN21 1JU,Yorkshire & Humberside,graham.morris@kumhotire.com
Independent Retailer,1102908, Parkview (Market Rasen) Ltd ,Other,LN8 3HZ,East Midlands,graham.morris@kumhotire.com
Independent Retailer,1105127, S.F.B Tyres & Srvc Centre (CASH) ,Other,LE8 6HZ,East Midlands,graham.morris@kumhotire.com
Independent Retailer,1105806, Derby Tyres Limited ,Other,DE21 4SZ,East Midlands,graham.morris@kumhotire.com
Independent Retailer,1107639, MMP Storage & Tyre Sales Ltd ,Other,DE15 9TJ,East Midlands,graham.morris@kumhotire.com
Independent Retailer,1108858, Tyre Medics Limited ,Other,LE10 1RJ,East Midlands,graham.morris@kumhotire.com
Independent Retailer,1116386, Pitstop Motorist Centre ,Other,SG1 4QJ,South East,graham.morris@kumhotire.com
Independent Retailer,1119212, Kilnhurst Tyres & Exhausts Ltd ,Other,S64 5TQ,Yorkshire & Humberside,graham.morris@kumhotire.com
Independent Retailer,1119579, Tyre-Smart (Essex) Ltd ,Other,CM8 3UQ,East,graham.morris@kumhotire.com
Independent Retailer,1121173, Evergreen Garage Crowfield Limited ,Other,IP6 9TB,East,graham.morris@kumhotire.com
Independent Retailer,1121865, Rochford Tyres & Exhausts Ltd ,Other,SS4 1RG,East,graham.morris@kumhotire.com
Independent Retailer,1122851, The Tyre & MOT  Place ,Other,PE15 8QP,East,graham.morris@kumhotire.com
Independent Retailer,1125772, APH(uk) Limited ,Other,DE65 6PA,West Midlands,graham.morris@kumhotire.com
Independent Retailer,1125906, TREK TYRES LTD ,Other,SS2 6RH,East,graham.morris@kumhotire.com
Independent Retailer,1126160, 1st CLASS TYRES & AUTOCARE LIMITED ,Other,LE17 4AB,East Midlands,graham.morris@kumhotire.com
Independent Retailer,1127256, FISHERS OF MARCH ,Other,PE15 0ER,East,graham.morris@kumhotire.com
Independent Retailer,1127257, HOLBEACH TYRES LIMITED ,Other,PE12 7LR,East,graham.morris@kumhotire.com
Independent Retailer,1085057, Wembley Tyres Ltd ,Other,NW10 2DJ,London,graham.morris@kumhotire.com
National Wholesaler,1083805, Stapleton's (Tyre Services) Limited ,VMA,WV1 9XR,#National,kevin.peck@kumhotire.com
National Wholesaler,1085115, MICHELDEVER TYRE SERVICE ,Wholesale,SO21 3AP,#National,kevin.peck@kumhotire.com
National Wholesaler,1099734, R & R.C.Bond (Wholesale) DIRECT ,Wholesale,YO42 1NR,#National,kevin.peck@kumhotire.com
National Wholesaler,1003631, R.H.CLAYDON LTD. ,Wholesale,IP28 6RZ,#National,kevin.peck@kumhotire.com
National Wholesaler,1098937, Chemiculture Ltd T/A Landtyre Srvs ,Wholesale,CV47 2QZ,#National,kevin.peck@kumhotire.com
National Wholesaler,1094984, Blackcircles.com Limited ,Online,EH3 5DA,#National,kevin.peck@kumhotire.com
National Wholesaler,1094103, Camskill (UK) Limited ,Online,CA28 9BZ,#National,kevin.peck@kumhotire.com
National Wholesaler,1118331, Demon Tweeks Limited (PCR) ,Other,LL13 9UG,#National,kevin.peck@kumhotire.com
National Wholesaler,1122235, Mr Tyre (Motorsport) Ltd ,Other,B79 7TA,#National,kevin.peck@kumhotire.com
National Wholesaler,1084811, Modern Tyres LTD (Region 2) ,Wholesale,BT35 6QJ,Ireland,kevin.peck@kumhotire.com
National Wholesaler,1084812, Modern Tyres Ltd (Region 1) ,Wholesale,BT74 6HR,Ireland,kevin.peck@kumhotire.com
National Wholesaler,1098042, Charles Hurst Tyres Ltd (Kumho) ,Wholesale,BT3 9DJ,Ireland,kevin.peck@kumhotire.com
National Wholesaler,1083256, Group Tyre Wholesale Limited ,VMA,HP20 1QN,#National,kevin.peck@kumhotire.com
Regional Wholesaler,1115989, AD Tyres (Wholesale) Limited ,KPP,S41 9QB,Yorkshire & Humberside,kevin.peck@kumhotire.com
Regional Wholesaler,1087513, Southern Tyre Wholesalers Ltd ,Wholesale,SS0 9DE,East,kevin.peck@kumhotire.com
National Retailer,1128311, Arnold Clark ,National,PA3 1QQ,#National,kevin.peck@kumhotire.com
Regional Retailer,1083253, Cooper Bros Limited ,Other,ML2 8HF,Scotland,kevin.peck@kumhotire.com
Independent Retailer,1116360, RTB Tyres Limited ,KPP,LL18 5TY,Wales,kevin.peck@kumhotire.com
Independent Retailer,1115888, Guildford Tyre Company Ltd ,Regional,GU1 1BA,South East,kevin.peck@kumhotire.com
Independent Retailer,1116798," TTC Distribution Ltd, Total Tyre Co ",Other,RG10 9QJ,South East,kevin.peck@kumhotire.com
